{
  "velit6a9": 70790189.19956338,
  "aute_7": true,
  "dolore_b": 37746246.90977016,
  "sampleTypeId": 47277935.628804535,
  "isArchived": true
}
