{
  "aliquipe": "culpa aliqua non Excepteur",
  "cupidatatb": 87544861,
  "inf3a": 27421259.8995426,
  "qui_de": -1375872.030194983,
  "ad_e": 98323529,
  "id": 666
}
