{
  "ut_d9": -9646673.284602731,
  "autef37": 78179303,
  "reprehenderit_a64": false,
  "amet_3": true,
  "ut_1": -53371746.04036798,
  "veniam_f0c": -50790518.160404205,
  "userId": 666,
  "type": "addToFriends",
  "switchIsOn": false
}
