{
  "essede4": false,
  "fugiat_d": 44381946,
  "irure_409": "fugiat sint sed elit sit",
  "nostrud76e": 39588453.36125347,
  "Duis7": 53937036,
  "labore91": 27117160.763712406,
  "userId": 666,
  "type": "addToFriends",
  "switchIsOn": false
}
