{
  "userInfo": {
    "voluptate_3": 58122352.73094913
  },
  "companyInfo": {
    "eudd6": 81447640.26763004,
    "enim_4": 92191511,
    "magnac": "anim sunt enim Lorem in",
    "proident_": -14522444
  },
  "friendsBlock": {
    "anim_7c": 87824875,
    "enim_94": "dolor"
  },
  "teamMatesBlock": {
    "ullamco_54": "deserunt id fugiat",
    "et_f2": -45249552,
    "deseruntc": -42511214.04004467
  },
  "requestsBlock": {
    "do_c": 14518142.77801025,
    "minim_e": 54645047,
    "incididunt_0a": -69913747,
    "nostrud6": -1888335
  },
  "onboardingBlock": {},
  "isUserHaveNewNotifications": true
}
