{
  "sunt45": -57753616.1320189,
  "proidentd": 6541179.59328872,
  "ex632": 15961347.109361678,
  "options": []
}
