{
  "eu_3c": 29923073,
  "userInfo": {
    "eu_995": -44812018.79004107,
    "dolor_29b": 51748918.18920457,
    "eu_9": 66349729.414909095,
    "in_1": "elit exercitation Excepteur Duis"
  },
  "status": "Friend, teammate",
  "actions": []
}
